{
  "results": {
    "hendrycksTest-abstract_algebra": {
      "acc": 0.24,
      "acc_stderr": 0.04292346959909284,
      "acc_norm": 0.24,
      "acc_norm_stderr": 0.04292346959909284
    },
    "hendrycksTest-anatomy": {
      "acc": 0.22962962962962963,
      "acc_stderr": 0.03633384414073464,
      "acc_norm": 0.22962962962962963,
      "acc_norm_stderr": 0.03633384414073464
    },
    "hendrycksTest-astronomy": {
      "acc": 0.25,
      "acc_stderr": 0.03523807393012047,
      "acc_norm": 0.25,
      "acc_norm_stderr": 0.03523807393012047
    },
    "hendrycksTest-business_ethics": {
      "acc": 0.32,
      "acc_stderr": 0.046882617226215034,
      "acc_norm": 0.32,
      "acc_norm_stderr": 0.046882617226215034
    },
    "hendrycksTest-clinical_knowledge": {
      "acc": 0.2188679245283019,
      "acc_stderr": 0.02544786382510863,
      "acc_norm": 0.2188679245283019,
      "acc_norm_stderr": 0.02544786382510863
    },
    "hendrycksTest-college_biology": {
      "acc": 0.22916666666666666,
      "acc_stderr": 0.03514697467862388,
      "acc_norm": 0.22916666666666666,
      "acc_norm_stderr": 0.03514697467862388
    },
    "hendrycksTest-college_chemistry": {
      "acc": 0.22,
      "acc_stderr": 0.0416333199893227,
      "acc_norm": 0.22,
      "acc_norm_stderr": 0.0416333199893227
    },
    "hendrycksTest-college_computer_science": {
      "acc": 0.3,
      "acc_stderr": 0.046056618647183814,
      "acc_norm": 0.3,
      "acc_norm_stderr": 0.046056618647183814
    },
    "hendrycksTest-college_mathematics": {
      "acc": 0.31,
      "acc_stderr": 0.04648231987117316,
      "acc_norm": 0.31,
      "acc_norm_stderr": 0.04648231987117316
    },
    "hendrycksTest-college_medicine": {
      "acc": 0.2658959537572254,
      "acc_stderr": 0.033687629322594295,
      "acc_norm": 0.2658959537572254,
      "acc_norm_stderr": 0.033687629322594295
    },
    "hendrycksTest-college_physics": {
      "acc": 0.27450980392156865,
      "acc_stderr": 0.04440521906179327,
      "acc_norm": 0.27450980392156865,
      "acc_norm_stderr": 0.04440521906179327
    },
    "hendrycksTest-computer_security": {
      "acc": 0.29,
      "acc_stderr": 0.045604802157206845,
      "acc_norm": 0.29,
      "acc_norm_stderr": 0.045604802157206845
    },
    "hendrycksTest-conceptual_physics": {
      "acc": 0.20425531914893616,
      "acc_stderr": 0.026355158413349424,
      "acc_norm": 0.20425531914893616,
      "acc_norm_stderr": 0.026355158413349424
    },
    "hendrycksTest-econometrics": {
      "acc": 0.24561403508771928,
      "acc_stderr": 0.04049339297748141,
      "acc_norm": 0.24561403508771928,
      "acc_norm_stderr": 0.04049339297748141
    },
    "hendrycksTest-electrical_engineering": {
      "acc": 0.12413793103448276,
      "acc_stderr": 0.027478236983636602,
      "acc_norm": 0.12413793103448276,
      "acc_norm_stderr": 0.027478236983636602
    },
    "hendrycksTest-elementary_mathematics": {
      "acc": 0.24338624338624337,
      "acc_stderr": 0.022101128787415436,
      "acc_norm": 0.24338624338624337,
      "acc_norm_stderr": 0.022101128787415436
    },
    "hendrycksTest-formal_logic": {
      "acc": 0.31746031746031744,
      "acc_stderr": 0.04163453031302859,
      "acc_norm": 0.31746031746031744,
      "acc_norm_stderr": 0.04163453031302859
    },
    "hendrycksTest-global_facts": {
      "acc": 0.18,
      "acc_stderr": 0.038612291966536955,
      "acc_norm": 0.18,
      "acc_norm_stderr": 0.038612291966536955
    },
    "hendrycksTest-high_school_biology": {
      "acc": 0.22903225806451613,
      "acc_stderr": 0.023904914311782648,
      "acc_norm": 0.22903225806451613,
      "acc_norm_stderr": 0.023904914311782648
    },
    "hendrycksTest-high_school_chemistry": {
      "acc": 0.18719211822660098,
      "acc_stderr": 0.027444924966882618,
      "acc_norm": 0.18719211822660098,
      "acc_norm_stderr": 0.027444924966882618
    },
    "hendrycksTest-high_school_computer_science": {
      "acc": 0.16,
      "acc_stderr": 0.0368452949177471,
      "acc_norm": 0.16,
      "acc_norm_stderr": 0.0368452949177471
    },
    "hendrycksTest-high_school_european_history": {
      "acc": 0.21818181818181817,
      "acc_stderr": 0.03225078108306289,
      "acc_norm": 0.21818181818181817,
      "acc_norm_stderr": 0.03225078108306289
    },
    "hendrycksTest-high_school_geography": {
      "acc": 0.18181818181818182,
      "acc_stderr": 0.027479603010538787,
      "acc_norm": 0.18181818181818182,
      "acc_norm_stderr": 0.027479603010538787
    },
    "hendrycksTest-high_school_government_and_politics": {
      "acc": 0.2849740932642487,
      "acc_stderr": 0.03257714077709662,
      "acc_norm": 0.2849740932642487,
      "acc_norm_stderr": 0.03257714077709662
    },
    "hendrycksTest-high_school_macroeconomics": {
      "acc": 0.2230769230769231,
      "acc_stderr": 0.02110773012724398,
      "acc_norm": 0.2230769230769231,
      "acc_norm_stderr": 0.02110773012724398
    },
    "hendrycksTest-high_school_mathematics": {
      "acc": 0.28888888888888886,
      "acc_stderr": 0.027634907264178544,
      "acc_norm": 0.28888888888888886,
      "acc_norm_stderr": 0.027634907264178544
    },
    "hendrycksTest-high_school_microeconomics": {
      "acc": 0.2647058823529412,
      "acc_stderr": 0.02865749128507199,
      "acc_norm": 0.2647058823529412,
      "acc_norm_stderr": 0.02865749128507199
    },
    "hendrycksTest-high_school_physics": {
      "acc": 0.1986754966887417,
      "acc_stderr": 0.03257847384436776,
      "acc_norm": 0.1986754966887417,
      "acc_norm_stderr": 0.03257847384436776
    },
    "hendrycksTest-high_school_psychology": {
      "acc": 0.1908256880733945,
      "acc_stderr": 0.016847676400091115,
      "acc_norm": 0.1908256880733945,
      "acc_norm_stderr": 0.016847676400091115
    },
    "hendrycksTest-high_school_statistics": {
      "acc": 0.23148148148148148,
      "acc_stderr": 0.028765111718046944,
      "acc_norm": 0.23148148148148148,
      "acc_norm_stderr": 0.028765111718046944
    },
    "hendrycksTest-high_school_us_history": {
      "acc": 0.2696078431372549,
      "acc_stderr": 0.03114557065948678,
      "acc_norm": 0.2696078431372549,
      "acc_norm_stderr": 0.03114557065948678
    },
    "hendrycksTest-high_school_world_history": {
      "acc": 0.2489451476793249,
      "acc_stderr": 0.028146970599422644,
      "acc_norm": 0.2489451476793249,
      "acc_norm_stderr": 0.028146970599422644
    },
    "hendrycksTest-human_aging": {
      "acc": 0.13004484304932734,
      "acc_stderr": 0.022574519424174887,
      "acc_norm": 0.13004484304932734,
      "acc_norm_stderr": 0.022574519424174887
    },
    "hendrycksTest-human_sexuality": {
      "acc": 0.22137404580152673,
      "acc_stderr": 0.03641297081313732,
      "acc_norm": 0.22137404580152673,
      "acc_norm_stderr": 0.03641297081313732
    },
    "hendrycksTest-international_law": {
      "acc": 0.15702479338842976,
      "acc_stderr": 0.03321244842547131,
      "acc_norm": 0.15702479338842976,
      "acc_norm_stderr": 0.03321244842547131
    },
    "hendrycksTest-jurisprudence": {
      "acc": 0.2962962962962963,
      "acc_stderr": 0.044143436668549335,
      "acc_norm": 0.2962962962962963,
      "acc_norm_stderr": 0.044143436668549335
    },
    "hendrycksTest-logical_fallacies": {
      "acc": 0.2147239263803681,
      "acc_stderr": 0.03226219377286774,
      "acc_norm": 0.2147239263803681,
      "acc_norm_stderr": 0.03226219377286774
    },
    "hendrycksTest-machine_learning": {
      "acc": 0.15178571428571427,
      "acc_stderr": 0.03405702838185695,
      "acc_norm": 0.15178571428571427,
      "acc_norm_stderr": 0.03405702838185695
    },
    "hendrycksTest-management": {
      "acc": 0.3883495145631068,
      "acc_stderr": 0.0482572933735639,
      "acc_norm": 0.3883495145631068,
      "acc_norm_stderr": 0.0482572933735639
    },
    "hendrycksTest-marketing": {
      "acc": 0.24786324786324787,
      "acc_stderr": 0.028286324075564393,