{
  "results": {
    "hendrycksTest-abstract_algebra": {
      "acc": 0.28,
      "acc_stderr": 0.045126085985421296,
      "acc_norm": 0.28,
      "acc_norm_stderr": 0.045126085985421296
    },
    "hendrycksTest-anatomy": {
      "acc": 0.32592592592592595,
      "acc_stderr": 0.040491220417025055,
      "acc_norm": 0.32592592592592595,
      "acc_norm_stderr": 0.040491220417025055
    },
    "hendrycksTest-astronomy": {
      "acc": 0.23026315789473684,
      "acc_stderr": 0.03426059424403165,
      "acc_norm": 0.23026315789473684,
      "acc_norm_stderr": 0.03426059424403165
    },
    "hendrycksTest-business_ethics": {
      "acc": 0.37,
      "acc_stderr": 0.04852365870939098,
      "acc_norm": 0.37,
      "acc_norm_stderr": 0.04852365870939098
    },
    "hendrycksTest-clinical_knowledge": {
      "acc": 0.39245283018867927,
      "acc_stderr": 0.03005258057955784,
      "acc_norm": 0.39245283018867927,
      "acc_norm_stderr": 0.03005258057955784
    },
    "hendrycksTest-college_biology": {
      "acc": 0.3263888888888889,
      "acc_stderr": 0.03921067198982266,
      "acc_norm": 0.3263888888888889,
      "acc_norm_stderr": 0.03921067198982266
    },
    "hendrycksTest-college_chemistry": {
      "acc": 0.24,
      "acc_stderr": 0.04292346959909283,
      "acc_norm": 0.24,
      "acc_norm_stderr": 0.04292346959909283
    },
    "hendrycksTest-college_computer_science": {
      "acc": 0.31,
      "acc_stderr": 0.04648231987117316,
      "acc_norm": 0.31,
      "acc_norm_stderr": 0.04648231987117316
    },
    "hendrycksTest-college_mathematics": {
      "acc": 0.29,
      "acc_stderr": 0.04560480215720684,
      "acc_norm": 0.29,
      "acc_norm_stderr": 0.04560480215720684
    },
    "hendrycksTest-college_medicine": {
      "acc": 0.3179190751445087,
      "acc_stderr": 0.03550683989165582,
      "acc_norm": 0.3179190751445087,
      "acc_norm_stderr": 0.03550683989165582
    },
    "hendrycksTest-college_physics": {
      "acc": 0.18627450980392157,
      "acc_stderr": 0.03873958714149351,
      "acc_norm": 0.18627450980392157,
      "acc_norm_stderr": 0.03873958714149351
    },
    "hendrycksTest-computer_security": {
      "acc": 0.34,
      "acc_stderr": 0.04760952285695235,
      "acc_norm": 0.34,
      "acc_norm_stderr": 0.04760952285695235
    },
    "hendrycksTest-conceptual_physics": {
      "acc": 0.32340425531914896,
      "acc_stderr": 0.030579442773610337,
      "acc_norm": 0.32340425531914896,
      "acc_norm_stderr": 0.030579442773610337
    },
    "hendrycksTest-econometrics": {
      "acc": 0.2807017543859649,
      "acc_stderr": 0.042270544512322004,
      "acc_norm": 0.2807017543859649,
      "acc_norm_stderr": 0.042270544512322004
    },
    "hendrycksTest-electrical_engineering": {
      "acc": 0.3103448275862069,
      "acc_stderr": 0.03855289616378949,
      "acc_norm": 0.3103448275862069,
      "acc_norm_stderr": 0.03855289616378949
    },
    "hendrycksTest-elementary_mathematics": {
      "acc": 0.2671957671957672,
      "acc_stderr": 0.022789673145776564,
      "acc_norm": 0.2671957671957672,
      "acc_norm_stderr": 0.022789673145776564
    },
    "hendrycksTest-formal_logic": {
      "acc": 0.23809523809523808,
      "acc_stderr": 0.03809523809523812,
      "acc_norm": 0.23809523809523808,
      "acc_norm_stderr": 0.03809523809523812
    },
    "hendrycksTest-global_facts": {
      "acc": 0.34,
      "acc_stderr": 0.04760952285695236,
      "acc_norm": 0.34,
      "acc_norm_stderr": 0.04760952285695236
    },
    "hendrycksTest-high_school_biology": {
      "acc": 0.3064516129032258,
      "acc_stderr": 0.026226485652553883,
      "acc_norm": 0.3064516129032258,
      "acc_norm_stderr": 0.026226485652553883
    },
    "hendrycksTest-high_school_chemistry": {
      "acc": 0.26108374384236455,
      "acc_stderr": 0.030903796952114468,
      "acc_norm": 0.26108374384236455,
      "acc_norm_stderr": 0.030903796952114468
    },
    "hendrycksTest-high_school_computer_science": {
      "acc": 0.28,
      "acc_stderr": 0.04512608598542129,
      "acc_norm": 0.28,
      "acc_norm_stderr": 0.04512608598542129
    },
    "hendrycksTest-high_school_european_history": {
      "acc": 0.2909090909090909,
      "acc_stderr": 0.03546563019624336,
      "acc_norm": 0.2909090909090909,
      "acc_norm_stderr": 0.03546563019624336
    },
    "hendrycksTest-high_school_geography": {
      "acc": 0.3484848484848485,
      "acc_stderr": 0.033948539651564025,
      "acc_norm": 0.3484848484848485,
      "acc_norm_stderr": 0.033948539651564025
    },
    "hendrycksTest-high_school_government_and_politics": {
      "acc": 0.35751295336787564,
      "acc_stderr": 0.03458816042181005,
      "acc_norm": 0.35751295336787564,
      "acc_norm_stderr": 0.03458816042181005
    },
    "hendrycksTest-high_school_macroeconomics": {
      "acc": 0.3641025641025641,
      "acc_stderr": 0.024396672985094778,
      "acc_norm": 0.3641025641025641,
      "acc_norm_stderr": 0.024396672985094778
    },
    "hendrycksTest-high_school_mathematics": {
      "acc": 0.25555555555555554,
      "acc_stderr": 0.026593939101844072,
      "acc_norm": 0.25555555555555554,
      "acc_norm_stderr": 0.026593939101844072
    },
    "hendrycksTest-high_school_microeconomics": {
      "acc": 0.29831932773109243,
      "acc_stderr": 0.029719142876342863,
      "acc_norm": 0.29831932773109243,
      "acc_norm_stderr": 0.029719142876342863
    },
    "hendrycksTest-high_school_physics": {
      "acc": 0.25165562913907286,
      "acc_stderr": 0.035433042343899844,
      "acc_norm": 0.25165562913907286,
      "acc_norm_stderr": 0.035433042343899844
    },
    "hendrycksTest-high_school_psychology": {
      "acc": 0.3559633027522936,
      "acc_stderr": 0.020528559278244218,
      "acc_norm": 0.3559633027522936,
      "acc_norm_stderr": 0.020528559278244218
    },
    "hendrycksTest-high_school_statistics": {
      "acc": 0.37962962962962965,
      "acc_stderr": 0.03309682581119035,
      "acc_norm": 0.37962962962962965,
      "acc_norm_stderr": 0.03309682581119035
    },
    "hendrycksTest-high_school_us_history": {
      "acc": 0.3235294117647059,
      "acc_stderr": 0.03283472056108568,
      "acc_norm": 0.3235294117647059,
      "acc_norm_stderr": 0.03283472056108568
    },
    "hendrycksTest-high_school_world_history": {
      "acc": 0.3037974683544304,
      "acc_stderr": 0.029936696387138605,
      "acc_norm": 0.3037974683544304,
      "acc_norm_stderr": 0.029936696387138605
    },
    "hendrycksTest-human_aging": {
      "acc": 0.29596412556053814,
      "acc_stderr": 0.030636591348699796,
      "acc_norm": 0.29596412556053814,
      "acc_norm_stderr": 0.030636591348699796
    },
    "hendrycksTest-human_sexuality": {
      "acc": 0.2900763358778626,
      "acc_stderr": 0.03980066246467765,
      "acc_norm": 0.2900763358778626,
      "acc_norm_stderr": 0.03980066246467765
    },
    "hendrycksTest-international_law": {
      "acc": 0.3884297520661157,
      "acc_stderr": 0.04449270350068382,
      "acc_norm": 0.3884297520661157,
      "acc_norm_stderr": 0.04449270350068382
    },
    "hendrycksTest-jurisprudence": {
      "acc": 0.3611111111111111,
      "acc_stderr": 0.04643454608906274,
      "acc_norm": 0.3611111111111111,
      "acc_norm_stderr": 0.04643454608906274
    },
    "hendrycksTest-logical_fallacies": {
      "acc": 0.294478527607362,
      "acc_stderr": 0.03581165790474082,
      "acc_norm": 0.294478527607362,
      "acc_norm_stderr": 0.03581165790474082
    },
    "hendrycksTest-machine_learning": {
      "acc": 0.24107142857142858,
      "acc_stderr": 0.04059867246952687,
      "acc_norm": 0.24107142857142858,
      "acc_norm_stderr": 0.04059867246952687
    },
    "hendrycksTest-management": {
      "acc": 0.2524271844660194,
      "acc_stderr": 0.04301250399690877,
      "acc_norm": 0.2524271844660194,
      "acc_norm_stderr": 0.04301250399690877
    },
    "hendrycksTest-marketing": {
      "acc": 0.36324786324786323,